{
    "train_loss": [
        0.3108637948288165,
        0.26693236500551104,
        0.23750331334638147,
        0.19949898292736107,
        0.1792277957736278,
        0.15629125181914494,
        0.13658435948842737,
        0.12154902783828987,
        0.11075324966226834,
        0.09082595301508312,
        0.08196550123722479,
        0.07499709104806612,
        0.06875422945252269,
        0.0628899764665351,
        0.050033598023191274,
        0.046238553973694,
        0.04406765273388755,
        0.038575355120945856,
        0.032944528276006184,
        0.029786575033466146,
        0.027293774665787685,
        0.02424737252667649,
        0.02278825060047351,
        0.02006575675546572,
        0.017862525565654326,
        0.01660327118145308,
        0.017705388643823063,
        0.018233843545378527,
        0.01613575776543717,
        0.014482588756898373,
        0.012104321809280736,
        0.011151031511589046,
        0.01008437738921411,
        0.013620373985558444,
        0.009430720184947144,
        0.008157526870250058,
        0.007760071018212177,
        0.0076124406533475625,
        0.007170116623440062,
        0.007040892397861765,
        0.006796807512366876,
        0.006503743852570483,
        0.006135781168196017,
        0.006021273157578095,
        0.005868657899908177,
        0.0056827783807258305,
        0.005431667010045893,
        0.005377231225444024,
        0.005389718156530616,
        0.005313052631218887
    ],
    "val_loss": [
        0.24764925651792166,
        0.25235943255973037,
        0.2256320112425348,
        0.21997779303405812,
        0.23192905522275553,
        0.2292928480360981,
        0.22784434270073214,
        0.23484797024950926,
        0.2361789516719949,
        0.2622147145245791,
        0.24570452571978144,
        0.28449481815619365,
        0.25975866273274995,
        0.27130014060083707,
        0.29380381167689135,
        0.3001054020639023,
        0.2871002759801332,
        0.2965491654750371,
        0.30739651905162685,
        0.30594495185790077,
        0.32355012165541097,
        0.3044336156475027,
        0.31106996215933486,
        0.3312359643124459,
        0.34821637152882706,
        0.35605026964702224,
        0.35917013968403055,
        0.3548234788956862,
        0.35744673967633717,
        0.36475875335552543,
        0.3459286684696238,
        0.35510594780076854,
        0.428150772643478,
        0.34357555984401633,
        0.3825464960621015,
        0.3789830651168312,
        0.3798238211280556,
        0.3871666327000982,
        0.39669355493363884,
        0.3891517371102173,
        0.4062071225312468,
        0.4042885558061059,
        0.4081937450631206,
        0.41649656345156394,
        0.418534513890751,
        0.41227665372572525,
        0.4227324074522321,
        0.42068557360284287,
        0.42121406660811955,
        0.4215664374340161
    ],
    "val_f1": [
        0.14784800118594651,
        0.2106599968251423,
        0.26180458158017766,
        0.2933545115637788,
        0.35777089584795246,
        0.38078521553357614,
        0.43876395440551663,
        0.4039338104240103,
        0.42038118869129326,
        0.40461728539459635,
        0.4720034966499232,
        0.43861506311858994,
        0.45534601460559504,
        0.4608208453896629,
        0.44595546598629304,
        0.44473284844384314,
        0.47319374166914707,
        0.4556326730281887,
        0.44998801956787204,
        0.4771209232164266,
        0.45371802277639117,
        0.47160307747685054,
        0.4860623151548193,
        0.454293823994131,
        0.4679805518540699,
        0.4365070300031135,
        0.4688817971519141,
        0.4453730177868109,
        0.46938123432633116,
        0.45274521632579223,
        0.4800363654404827,
        0.48471471759835927,
        0.44698384060917046,
        0.4588575567428505,
        0.47480471434502425,
        0.4791095731834027,
        0.46716886326631635,
        0.462713189697667,
        0.46882521633896035,
        0.4685270241735892,
        0.471701203668646,
        0.4682713883664644,
        0.47013562947160736,
        0.4621794374432066,
        0.46906059980662235,
        0.46447347900541847,
        0.4687940342210611,
        0.4646084715649933,
        0.4690430172088647,
        0.471919907387551
    ],
    "val_accuracy": [
        0.6581818181818182,
        0.5363636363636364,
        0.62,
        0.6454545454545455,
        0.6709090909090909,
        0.6909090909090909,
        0.6709090909090909,
        0.6727272727272727,
        0.6763636363636364,
        0.6818181818181818,
        0.6909090909090909,
        0.7072727272727273,
        0.649090909090909,
        0.6636363636363637,
        0.6872727272727273,
        0.6854545454545454,
        0.6818181818181818,
        0.68,
        0.6836363636363636,
        0.6763636363636364,
        0.6818181818181818,
        0.6836363636363636,
        0.6763636363636364,
        0.6763636363636364,
        0.6909090909090909,
        0.6927272727272727,
        0.6963636363636364,
        0.6909090909090909,
        0.6927272727272727,
        0.6981818181818182,
        0.7,
        0.7018181818181818,
        0.7,
        0.66,
        0.6945454545454546,
        0.6927272727272727,
        0.6854545454545454,
        0.6818181818181818,
        0.6854545454545454,
        0.6836363636363636,
        0.6872727272727273,
        0.68,
        0.6818181818181818,
        0.6854545454545454,
        0.6854545454545454,
        0.6872727272727273,
        0.6872727272727273,
        0.6836363636363636,
        0.6872727272727273,
        0.6872727272727273
    ],
    "val_precision": [
        0.20876695048880478,
        0.3301093374643586,
        0.34329419658453003,
        0.4759202461867259,
        0.5976241592581382,
        0.5385201213242563,
        0.5198466178924399,
        0.5575711219149532,
        0.53206754391079,
        0.5779222668110707,
        0.5930251601436684,
        0.6385744758338957,
        0.547649330973902,
        0.4973856984654327,
        0.5324711034655498,
        0.5292315467755359,
        0.5501969086002699,
        0.5266276502674547,
        0.5396341058135412,
        0.5307879288247758,
        0.5006650723530519,
        0.528442528597808,
        0.5450016249375061,
        0.5223645400749933,
        0.5854402128944513,
        0.5343532531242855,
        0.5275866532654536,
        0.5275735665340152,
        0.5290669981835305,
        0.5350874526836503,
        0.5424525865066513,
        0.5488682264574931,
        0.5981897739878759,
        0.49253129371291177,
        0.5355071564354155,
        0.5317809273362875,
        0.5385249020353253,
        0.5168779633065348,
        0.5208330368852556,
        0.5319597381529906,
        0.5300699705914165,
        0.5232467902842017,
        0.5260973903831048,
        0.5057253357071089,
        0.5123899546120634,
        0.527212089381207,
        0.5320149452111274,
        0.5154312542419425,
        0.5171661844200705,
        0.5193990323402088
    ],