{
    "train_loss": [
        0.3045253710323743,
        0.2544917845954629,
        0.2208631845997034,
        0.1887049252829344,
        0.15790748396357954,
        0.137481200003022,
        0.11476863445672998,
        0.09975885900475545,
        0.08843908956167483,
        0.07298432507297276,
        0.06480270960711551,
        0.06303166177701493,
        0.05240955872761361,
        0.046668973557469094,
        0.04107927208214846,
        0.03506701859420938,
        0.03269811557625393,
        0.039484736592756586,
        0.028958581992816673,
        0.02350305653011188,
        0.020691673509071418,
        0.01949667730814547,
        0.018687335998973775,
        0.016978352466185946,
        0.016544010186291383,
        0.014912833313385197,
        0.012886649093777763,
        0.012836769797740798,
        0.011240306850543315,
        0.010819633733419492,
        0.00943652187360612,
        0.008775015717438344,
        0.010264257940956624,
        0.008160467771553074,
        0.009019360597184103,
        0.008213494899649293,
        0.006473076962953265,
        0.006331706221670648,
        0.005994046839188207,
        0.005754605619738659,
        0.005490572589069436,
        0.005350899046618326,
        0.0051766093243236005,
        0.005046634764138662,
        0.005015861480586448,
        0.004959466350339052,
        0.004826581693804059,
        0.00453430772217098,
        0.004448538319382544,
        0.0045120553357337004
    ],
    "val_loss": [
        0.24659971126179764,
        0.24422522917713807,
        0.23466175979516213,
        0.24088309732927143,
        0.2274105078338281,
        0.24097154464950596,
        0.234200633824398,
        0.2409871438926464,
        0.24314564479973869,
        0.26572858380572195,
        0.2702053960208592,
        0.27148333835867705,
        0.2933113402239911,
        0.3016521519807545,
        0.3082943619899553,
        0.3097190849828463,
        0.3126606378080897,
        0.3087725107249318,
        0.3080470097804631,
        0.3158962136048881,
        0.31452782661854406,
        0.3347653779912988,
        0.32211046870276955,
        0.3415692667142561,
        0.32271176276064606,
        0.33094662806331104,
        0.3568522708720211,
        0.3590204049082852,
        0.3675521386574975,
        0.36300143347421987,
        0.3578931836939022,
        0.4155754852606243,
        0.3911249873532485,
        0.4378376175303909,
        0.3836911392930668,
        0.42831686756738013,
        0.4280216778536972,
        0.4246186239802425,
        0.42360351633518195,
        0.410717335431512,
        0.42507742902796675,
        0.4229953152832646,
        0.43053600415302185,
        0.43790535328560876,
        0.43498896498742423,
        0.43023485857658167,
        0.4282399058994167,
        0.4334930974495351,
        0.4348421460450692,
        0.4355726839597781
    ],
    "val_f1": [
        0.19559478080604845,
        0.20143108438507953,
        0.26554466180064706,
        0.31451961416136004,
        0.36038683238683245,
        0.3902571002790272,
        0.4307000509765486,
        0.4452459580323357,
        0.4658130448868355,
        0.47229836216011334,
        0.4554900410782207,
        0.4643433933316717,
        0.45397623524677905,
        0.4901144756447965,
        0.4649867991635182,
        0.4865034520915877,
        0.488138227558276,
        0.4741273924220974,
        0.5071215703325272,
        0.49352450723830976,
        0.5008383709100871,
        0.4831517809712605,
        0.5038718864509175,
        0.4888206492946174,
        0.5000611201978317,
        0.4979495875323384,
        0.4970207258247433,
        0.5092501397632666,
        0.4917031723525906,
        0.5029094937063007,
        0.4973756961787995,
        0.4878891542325245,
        0.47211419089892076,
        0.4651963351434585,
        0.49607319453825627,
        0.48738683117126247,
        0.500009981416245,
        0.497398951824395,
        0.49002478923762377,
        0.49979780258861467,
        0.4992050942802485,
        0.4988956821825495,
        0.49874697806642176,
        0.49660845927599767,
        0.500975050564072,
        0.5001185786924172,
        0.4909711274523305,
        0.4980047428042614,
        0.5018924518002941,
        0.5007475584450783
    ],
    "val_accuracy": [
        0.6309090909090909,
        0.5436363636363636,
        0.6,
        0.6727272727272727,
        0.649090909090909,
        0.6563636363636364,
        0.6672727272727272,
        0.7090909090909091,
        0.6672727272727272,
        0.6763636363636364,
        0.6672727272727272,
        0.6836363636363636,
        0.6818181818181818,
        0.6818181818181818,
        0.6436363636363637,
        0.6927272727272727,
        0.6854545454545454,
        0.6527272727272727,
        0.7054545454545454,
        0.6927272727272727,
        0.6872727272727273,
        0.6927272727272727,
        0.6781818181818182,
        0.6890909090909091,
        0.6818181818181818,
        0.68,
        0.6963636363636364,
        0.6945454545454546,
        0.7218181818181818,
        0.6981818181818182,
        0.6927272727272727,
        0.7254545454545455,
        0.6854545454545454,
        0.7127272727272728,
        0.6854545454545454,
        0.6945454545454546,
        0.6963636363636364,
        0.6909090909090909,
        0.6854545454545454,
        0.6927272727272727,
        0.6945454545454546,
        0.7,
        0.6945454545454546,
        0.6927272727272727,
        0.6981818181818182,
        0.6927272727272727,
        0.6927272727272727,
        0.6927272727272727,
        0.6963636363636364,
        0.6927272727272727
    ],
    "val_precision": [
        0.3009203681472589,
        0.31774558676008813,
        0.2583708808198604,
        0.422250479139024,
        0.41646484450082655,
        0.5124736424917257,
        0.5411632725593495,
        0.5608988381051333,
        0.5102388375809606,
        0.5508139637083668,
        0.5169755503955628,
        0.6095224989713399,
        0.5500718742936884,
        0.5100137425721695,
        0.5175954450489938,
        0.5208750697653637,
        0.5511934709991212,
        0.5069772167421353,
        0.5416053425022654,
        0.5300211999194283,
        0.5319959711264058,
        0.5088832722373094,
        0.5128836725382688,
        0.5267467048979654,
        0.546849779023814,
        0.5265648836305756,
        0.5476368588603697,
        0.5268550123716932,
        0.5605603901639707,
        0.539198840375311,
        0.5519499723867025,
        0.5731252526872964,
        0.4992651996155059,
        0.5951486135035987,
        0.532661681927868,
        0.5409816261417395,
        0.5546934394113091,
        0.5438288321913178,
        0.534453971551097,
        0.5344346788036708,
        0.5537177750550525,
        0.5410292017846524,
        0.556393568431231,
        0.545647601957736,
        0.5496786838892102,
        0.5485658226501303,
        0.5302264992277704,
        0.5475245653817081,
        0.5487445987565699,
        0.5464086009581364
    ],