{
    "train_loss": [
        0.30677160569703077,
        0.25801104317043,
        0.22652998625426235,
        0.18637723062253223,
        0.16017587896370664,
        0.13101570920249814,
        0.11120726827071531,
        0.09273922000035117,
        0.07652874674060059,
        0.07480567535508843,
        0.06318101389323326,
        0.0577977311326639,
        0.047332551725060734,
        0.04412477097713551,
        0.03851932086997252,
        0.03371929683261006,
        0.030389604153302777,
        0.02773076149267011,
        0.02632432981565385,
        0.026441380976767136,
        0.022236513034939134,
        0.02191933514676252,
        0.0253268325823168,
        0.017982374843650457,
        0.015126052623893244,
        0.01357788497337426,
        0.012141939258975415,
        0.01161392987994878,
        0.0104934273111746,
        0.010035149956820533,
        0.00933354758700175,
        0.008879444127589892,
        0.008192619159198356,
        0.007854936932389384,
        0.008353125976616256,
        0.007391270349279178,
        0.0067344993215979945,
        0.006418317409304087,
        0.006084618039589034,
        0.005944458576669417,
        0.006287934319711102,
        0.005584679626818349,
        0.005394989941629584,
        0.005237642848012541,
        0.005092024501169226,
        0.0050406057454118035,
        0.0048582694899691956,
        0.004824015861930286,
        0.004739180035135147,
        0.004696005379011964
    ],
    "val_loss": [
        0.2482371660678283,
        0.2443810660742979,
        0.2224142701783474,
        0.22946778915660537,
        0.255722233566685,
        0.21746249906921192,
        0.2197038896712542,
        0.2240644297225104,
        0.2563599861915345,
        0.2553824391367886,
        0.24345749944357364,
        0.24545316115035204,
        0.23669169811815347,
        0.25694865956430096,
        0.25163983259319694,
        0.25904437329534075,
        0.265000007340121,
        0.26721078491739364,
        0.2743976804882497,
        0.2717334859765327,
        0.28786253094132414,
        0.37386327927431895,
        0.32240738259249646,
        0.31768934170838253,
        0.32515221142207534,
        0.31818994893684,
        0.33136430455488153,
        0.33679742416390346,
        0.33799064449830557,
        0.3413370616659265,
        0.34552117030382407,
        0.3465068521006248,
        0.3598580562986857,
        0.3594184057667956,
        0.36244397159950587,
        0.3540875224304688,
        0.35925479911800695,
        0.3707698936076259,
        0.3866797132654608,
        0.3754678037887483,
        0.3790220191263554,
        0.37696378783996715,
        0.3757833448356958,
        0.40099278123630094,
        0.3879478442429346,
        0.386492179267499,
        0.3849092392729158,
        0.38622578560516296,
        0.3889680505469213,
        0.3892489968842302
    ],
    "val_f1": [
        0.14961269908476768,
        0.2295364438221581,
        0.26847457588470064,
        0.35415247209506046,
        0.3998572460467024,
        0.3972135855700888,
        0.45112299201247985,
        0.4694804271963616,
        0.43714926238282936,
        0.40889938262524683,
        0.47513417046234935,
        0.47243404514032267,
        0.490981477145819,
        0.47605353332913763,
        0.46969611316837984,
        0.48039407750487434,
        0.47865423079657815,
        0.4867677631765856,
        0.48831883175714524,
        0.4970582319419962,
        0.48705715632915236,
        0.4555165284350979,
        0.48303026561025025,
        0.48567480721161466,
        0.49766057607902026,
        0.4869681199840758,
        0.4996338399727602,
        0.49120802668412705,
        0.4975592291265808,
        0.501468331479913,
        0.500145478667595,
        0.49433720620468014,
        0.507496244572557,
        0.48722942813654535,
        0.4913793715496345,
        0.49591734969825957,
        0.4923755267899995,
        0.49736422223944127,
        0.48583979996436394,
        0.5105278756990171,
        0.5035190071575051,
        0.5029866704857919,
        0.5038430194065492,
        0.4972126382068209,
        0.5037907253715747,
        0.509359618030822,
        0.5040360146658293,
        0.504806396087593,
        0.5019295392870678,
        0.49956044317159826
    ],
    "val_accuracy": [
        0.5836363636363636,
        0.5327272727272727,
        0.5854545454545454,
        0.5909090909090909,
        0.5436363636363636,
        0.6527272727272727,
        0.6727272727272727,
        0.6436363636363637,
        0.6254545454545455,
        0.6690909090909091,
        0.7036363636363636,
        0.6509090909090909,
        0.6818181818181818,
        0.6618181818181819,
        0.6781818181818182,
        0.6872727272727273,
        0.6872727272727273,
        0.6909090909090909,
        0.68,
        0.6709090909090909,
        0.6690909090909091,
        0.7072727272727273,
        0.6636363636363637,
        0.68,
        0.6890909090909091,
        0.6781818181818182,
        0.6436363636363637,
        0.6872727272727273,
        0.6890909090909091,
        0.6854545454545454,
        0.6981818181818182,
        0.6818181818181818,
        0.6945454545454546,
        0.6854545454545454,
        0.6890909090909091,
        0.6909090909090909,
        0.6745454545454546,
        0.6818181818181818,
        0.68,
        0.6890909090909091,
        0.6963636363636364,
        0.6909090909090909,
        0.6927272727272727,
        0.6945454545454546,
        0.6909090909090909,
        0.6927272727272727,
        0.6927272727272727,
        0.6890909090909091,
        0.6927272727272727,
        0.6945454545454546
    ],
    "val_precision": [
        0.2728734468994209,
        0.42562280885050263,
        0.4686526577104085,
        0.5288004549282067,
        0.45958770193288573,
        0.5392138946114977,
        0.5032420367922892,
        0.5162334887135949,
        0.490346088048847,
        0.5509590727951805,
        0.6057576624007729,
        0.5337860737393448,
        0.566312008301241,
        0.5264949066610585,
        0.5199408440128661,
        0.5319114298967995,
        0.5496413842324765,
        0.5528529241153826,
        0.5324849145509823,
        0.5291374190758935,
        0.5241200418610236,
        0.5606117345127921,
        0.497369800176578,
        0.5067410567703708,
        0.5279333952540994,
        0.524725531079779,
        0.4977225604584095,
        0.5274737646254674,
        0.5295710729283792,
        0.5342953306436452,
        0.5208863659505142,
        0.5332359043970725,
        0.5364441196167558,
        0.5293129756585344,
        0.5233097285477384,
        0.5322638713943062,
        0.5189127133029572,
        0.5262704797800551,
        0.5319408223059339,
        0.5461872394645504,
        0.5505470316169035,
        0.5405590441304727,
        0.538884230959251,
        0.5530255613217073,
        0.5466764163005938,
        0.55543087532099,
        0.5445249029371593,
        0.5433549055746227,
        0.5468995464200944,
        0.5401795318678436
    ],